A640|Zemlya-cy|Letter|Uppercase||CYRILLIC CAPITAL LETTER ZEMLYA
A641|zemlya-cy|Letter|Lowercase||CYRILLIC SMALL LETTER ZEMLYA
A642|Dzelo-cy|Letter|Uppercase||CYRILLIC CAPITAL LETTER DZELO
A643|dzelo-cy|Letter|Lowercase||CYRILLIC SMALL LETTER DZELO
A644|DzeReversed-cy|Letter|Uppercase||CYRILLIC CAPITAL LETTER REVERSED DZE
A645|dzeReversed-cy|Letter|Lowercase||CYRILLIC SMALL LETTER REVERSED DZE
A646|Iota-cy|Letter|Uppercase||CYRILLIC CAPITAL LETTER IOTA
A647|iota-cy|Letter|Lowercase||CYRILLIC SMALL LETTER IOTA
A648|Djerv-cy|Letter|Uppercase||CYRILLIC CAPITAL LETTER DJERV
A649|djerv-cy|Letter|Lowercase||CYRILLIC SMALL LETTER DJERV
A64A|UkMonograph-cy|Letter|Uppercase||CYRILLIC CAPITAL LETTER MONOGRAPH UK
A64B|ukMonograph-cy|Letter|Lowercase||CYRILLIC SMALL LETTER MONOGRAPH UK
A64C|OmegaBroad-cy|Letter|Uppercase||CYRILLIC CAPITAL LETTER BROAD OMEGA
A64D|omegaBroad-cy|Letter|Lowercase||CYRILLIC SMALL LETTER BROAD OMEGA
A64E|YerNeutral-cy|Letter|Uppercase||CYRILLIC CAPITAL LETTER NEUTRAL YER
A64F|yerNeutral-cy|Letter|Lowercase||CYRILLIC SMALL LETTER NEUTRAL YER
A650|YeruBackYer-cy|Letter|Uppercase||CYRILLIC CAPITAL LETTER YERU WITH BACK YER
A651|yeruBackyer-cy|Letter|Lowercase||CYRILLIC SMALL LETTER YERU WITH BACK YER
A652|YatIotified-cy|Letter|Uppercase||CYRILLIC CAPITAL LETTER IOTIFIED YAT
A653|yatIotified-cy|Letter|Lowercase||CYRILLIC SMALL LETTER IOTIFIED YAT
A654|YuReversed-cy|Letter|Uppercase||CYRILLIC CAPITAL LETTER REVERSED YU
A655|yuReversed-cy|Letter|Lowercase||CYRILLIC SMALL LETTER REVERSED YU
A656|IotifiedA-cy|Letter|Uppercase||CYRILLIC CAPITAL LETTER IOTIFIED A
A657|iotifieda-cy|Letter|Lowercase||CYRILLIC SMALL LETTER IOTIFIED A
A658|YusClosedlittle-cy|Letter|Uppercase||CYRILLIC CAPITAL LETTER CLOSED LITTLE YUS
A659|yusClosedlittle-cy|Letter|Lowercase||CYRILLIC SMALL LETTER CLOSED LITTLE YUS
A65A|YusBlended-cy|Letter|Uppercase||CYRILLIC CAPITAL LETTER BLENDED YUS
A65B|yusBlended-cy|Letter|Lowercase||CYRILLIC SMALL LETTER BLENDED YUS
A65C|YusiotifiedClosedLittle-cy|Letter|Uppercase||CYRILLIC CAPITAL LETTER IOTIFIED CLOSED LITTLE YUS
A65D|yusiotifiedClosedLittle-cy|Letter|Lowercase||CYRILLIC SMALL LETTER IOTIFIED CLOSED LITTLE YUS
A65E|Yn-cy|Letter|Uppercase||CYRILLIC CAPITAL LETTER YN
A65F|yn-cy|Letter|Lowercase||CYRILLIC SMALL LETTER YN
A660|TseReversed-cy|Letter|Uppercase||CYRILLIC CAPITAL LETTER REVERSED TSE
A661|tseReversed-cy|Letter|Lowercase||CYRILLIC SMALL LETTER REVERSED TSE
A662|DeSoft-cy|Letter|Uppercase||CYRILLIC CAPITAL LETTER SOFT DE
A663|deSoft-cy|Letter|Lowercase||CYRILLIC SMALL LETTER SOFT DE
A664|ElSoft-cy|Letter|Uppercase||CYRILLIC CAPITAL LETTER SOFT EL
A665|elSoft-cy|Letter|Lowercase||CYRILLIC SMALL LETTER SOFT EL
A666|EmSoft-cy|Letter|Uppercase||CYRILLIC CAPITAL LETTER SOFT EM
A667|emSoft-cy|Letter|Lowercase||CYRILLIC SMALL LETTER SOFT EM
A668|OMonocular-cy|Letter|Uppercase||CYRILLIC CAPITAL LETTER MONOCULAR O
A669|oMonocular-cy|Letter|Lowercase||CYRILLIC SMALL LETTER MONOCULAR O
A66A|OBinocular-cy|Letter|Uppercase||CYRILLIC CAPITAL LETTER BINOCULAR O
A66B|oBinocular-cy|Letter|Lowercase||CYRILLIC SMALL LETTER BINOCULAR O
A66C|ODoubleMonocular-cy|Letter|Uppercase||CYRILLIC CAPITAL LETTER DOUBLE MONOCULAR O
A66D|oDoubleMonocular-cy|Letter|Lowercase||CYRILLIC SMALL LETTER DOUBLE MONOCULAR O
A66E|omultiocular-cy|Letter|||CYRILLIC LETTER MULTIOCULAR O
A66F|vzmetcomb-cy|Mark|Nonspacing||COMBINING CYRILLIC VZMET
A670|tenmillionscomb-cy|Mark|Enclosing||COMBINING CYRILLIC TEN MILLIONS SIGN
A671|hundredmillionscomb-cy|Mark|Enclosing||COMBINING CYRILLIC HUNDRED MILLIONS SIGN
A672|thousandmillionscomb-cy|Mark|Enclosing||COMBINING CYRILLIC THOUSAND MILLIONS SIGN
A674|ieukrainiancomb-cy|Mark|Nonspacing||COMBINING CYRILLIC LETTER UKRAINIAN IE
A675|icomb-cy|Mark|Nonspacing||COMBINING CYRILLIC LETTER I
A676|yicomb-cy|Mark|Nonspacing||COMBINING CYRILLIC LETTER YI
A677|ucomb-cy|Mark|Nonspacing||COMBINING CYRILLIC LETTER U
A678|hardsigncomb-cy|Mark|Nonspacing||COMBINING CYRILLIC LETTER HARD SIGN
A679|yerucomb-cy|Mark|Nonspacing||COMBINING CYRILLIC LETTER YERU
A67A|softsigncomb-cy|Mark|Nonspacing||COMBINING CYRILLIC LETTER SOFT SIGN
A67B|omegacomb-cy|Mark|Nonspacing||COMBINING CYRILLIC LETTER OMEGA
A67C|kavykacomb-cy|Mark|Nonspacing||COMBINING CYRILLIC KAVYKA
A67D|payerokcomb-cy|Mark|Nonspacing||COMBINING CYRILLIC PAYEROK
A67E|kavyka-cy|Punctuation|||CYRILLIC KAVYKA
A67F|payerok-cy|Letter|Modifier||CYRILLIC PAYEROK
A680|Dwe-cy|Letter|Uppercase||CYRILLIC CAPITAL LETTER DWE
A681|dwe-cy|Letter|Lowercase||CYRILLIC SMALL LETTER DWE
A682|Dzwe-cy|Letter|Uppercase||CYRILLIC CAPITAL LETTER DZWE
A683|dzwe-cy|Letter|Lowercase||CYRILLIC SMALL LETTER DZWE
A684|Zhwe-cy|Letter|Uppercase||CYRILLIC CAPITAL LETTER ZHWE
A685|zhwe-cy|Letter|Lowercase||CYRILLIC SMALL LETTER ZHWE
A686|Cche-cy|Letter|Uppercase||CYRILLIC CAPITAL LETTER CCHE
A687|cche-cy|Letter|Lowercase||CYRILLIC SMALL LETTER CCHE
A688|Dzze-cy|Letter|Uppercase||CYRILLIC CAPITAL LETTER DZZE
A689|dzze-cy|Letter|Lowercase||CYRILLIC SMALL LETTER DZZE
A68A|TeWithMiddleHook-cy|Letter|Uppercase||CYRILLIC CAPITAL LETTER TE WITH MIDDLE HOOK
A68B|tewithmiddlehook-cy|Letter|Lowercase||CYRILLIC SMALL LETTER TE WITH MIDDLE HOOK
A68C|Twe-cy|Letter|Uppercase||CYRILLIC CAPITAL LETTER TWE
A68D|twe-cy|Letter|Lowercase||CYRILLIC SMALL LETTER TWE
A68E|Tswe-cy|Letter|Uppercase||CYRILLIC CAPITAL LETTER TSWE
A68F|tswe-cy|Letter|Lowercase||CYRILLIC SMALL LETTER TSWE
A690|Tsse-cy|Letter|Uppercase||CYRILLIC CAPITAL LETTER TSSE
A691|tsse-cy|Letter|Lowercase||CYRILLIC SMALL LETTER TSSE
A692|Tche-cy|Letter|Uppercase||CYRILLIC CAPITAL LETTER TCHE
A693|tche-cy|Letter|Lowercase||CYRILLIC SMALL LETTER TCHE
A694|Hwe-cy|Letter|Uppercase||CYRILLIC CAPITAL LETTER HWE
A695|hwe-cy|Letter|Lowercase||CYRILLIC SMALL LETTER HWE
A696|Shwe-cy|Letter|Uppercase||CYRILLIC CAPITAL LETTER SHWE
A697|shwe-cy|Letter|Lowercase||CYRILLIC SMALL LETTER SHWE
A698|DoubleO-cy|Letter|Uppercase||CYRILLIC CAPITAL LETTER DOUBLE O
A699|doubleo-cy|Letter|Lowercase||CYRILLIC SMALL LETTER DOUBLE O
A69A|CrossedO-cy|Letter|Uppercase||CYRILLIC CAPITAL LETTER CROSSED O
A69B|crossedo-cy|Letter|Lowercase||CYRILLIC SMALL LETTER CROSSED O
A69C|modifierhardsign-cy|Letter|Modifier||MODIFIER LETTER CYRILLIC HARD SIGN
A69D|modifiersoftsign-cy|Letter|Modifier||MODIFIER LETTER CYRILLIC SOFT SIGN
A69F|iotifiedecomb-cy|Mark|Nonspacing||COMBINING CYRILLIC LETTER IOTIFIED E