0410|A-cy|Letter|Uppercase|afii10017|CYRILLIC CAPITAL LETTER A |brevecomb-cy, dieresiscomb
0411|Be-cy|Letter|Uppercase|afii10018|CYRILLIC CAPITAL LETTER BE
0412|Ve-cy|Letter|Uppercase|afii10019|CYRILLIC CAPITAL LETTER VE
0413|Ge-cy|Letter|Uppercase|afii10020|CYRILLIC CAPITAL LETTER GHE
0403|Gje-cy|Letter|Uppercase|afii10052|CYRILLIC CAPITAL LETTER GJE
0490|Gheupturn-cy|Letter|Uppercase|afii10050|CYRILLIC CAPITAL LETTER GHE WITH UPTURN
0414|De-cy|Letter|Uppercase|afii10021|CYRILLIC CAPITAL LETTER DE
0415|Ie-cy|Letter|Uppercase|afii10022|CYRILLIC CAPITAL LETTER IE
0400|Iegrave-cy|Letter|Uppercase||CYRILLIC CAPITAL LETTER IE WITH GRAVE
0401|Io-cy|Letter|Uppercase|afii10023|CYRILLIC CAPITAL LETTER IO
0416|Zhe-cy|Letter|Uppercase|afii10024|CYRILLIC CAPITAL LETTER ZHE
0417|Ze-cy|Letter|Uppercase|afii10025|CYRILLIC CAPITAL LETTER ZE
0418|Ii-cy|Letter|Uppercase|afii10026|CYRILLIC CAPITAL LETTER I
0419|Iishort-cy|Letter|Uppercase|afii10027|CYRILLIC CAPITAL LETTER SHORT I
040D|Iigrave-cy|Letter|Uppercase||CYRILLIC CAPITAL LETTER I WITH GRAVE
041A|Ka-cy|Letter|Uppercase|afii10028|CYRILLIC CAPITAL LETTER KA
040C|Kje-cy|Letter|Uppercase|afii10061|CYRILLIC CAPITAL LETTER KJE
041B|El-cy|Letter|Uppercase|afii10029|CYRILLIC CAPITAL LETTER EL
041C|Em-cy|Letter|Uppercase|afii10030|CYRILLIC CAPITAL LETTER EM
041D|En-cy|Letter|Uppercase|afii10031|CYRILLIC CAPITAL LETTER EN
041E|O-cy|Letter|Uppercase|afii10032|CYRILLIC CAPITAL LETTER O
041F|Pe-cy|Letter|Uppercase|afii10033|CYRILLIC CAPITAL LETTER PE
0420|Er-cy|Letter|Uppercase|afii10034|CYRILLIC CAPITAL LETTER ER
0421|Es-cy|Letter|Uppercase|afii10035|CYRILLIC CAPITAL LETTER ES
0422|Te-cy|Letter|Uppercase|afii10036|CYRILLIC CAPITAL LETTER TE
0423|U-cy|Letter|Uppercase|afii10037|CYRILLIC CAPITAL LETTER U
040E|Ushort-cy|Letter|Uppercase|afii10062|CYRILLIC CAPITAL LETTER SHORT U
0424|Ef-cy|Letter|Uppercase|afii10038|CYRILLIC CAPITAL LETTER EF
0425|Ha-cy|Letter|Uppercase|afii10039|CYRILLIC CAPITAL LETTER HA
0427|Che-cy|Letter|Uppercase|afii10041|CYRILLIC CAPITAL LETTER CHE
0426|Tse-cy|Letter|Uppercase|afii10040|CYRILLIC CAPITAL LETTER TSE
0428|Sha-cy|Letter|Uppercase|afii10042|CYRILLIC CAPITAL LETTER SHA
0429|Shcha-cy|Letter|Uppercase|afii10043|CYRILLIC CAPITAL LETTER SHCHA
040F|Dzhe-cy|Letter|Uppercase|afii10145|CYRILLIC CAPITAL LETTER DZHE
042C|Softsign-cy|Letter|Uppercase|afii10046|CYRILLIC CAPITAL LETTER SOFT SIGN
042A|Hardsign-cy|Letter|Uppercase|afii10044|CYRILLIC CAPITAL LETTER HARD SIGN
042B|Yeru-cy|Letter|Uppercase|afii10045|CYRILLIC CAPITAL LETTER YERU
0409|Lje-cy|Letter|Uppercase|afii10058|CYRILLIC CAPITAL LETTER LJE
040A|Nje-cy|Letter|Uppercase|afii10059|CYRILLIC CAPITAL LETTER NJE
0405|Dze-cy|Letter|Uppercase|afii10054|CYRILLIC CAPITAL LETTER DZE
0404|E-cy|Letter|Uppercase|afii10053|CYRILLIC CAPITAL LETTER UKRAINIAN IE
042D|Ereversed-cy|Letter|Uppercase|afii10047|CYRILLIC CAPITAL LETTER E
0406|I-cy|Letter|Uppercase|afii10055|CYRILLIC CAPITAL LETTER BYELORUSSIAN-UKRAINIAN I
0407|Yi-cy|Letter|Uppercase|afii10056|CYRILLIC CAPITAL LETTER YI
0408|Je-cy|Letter|Uppercase|afii10057|CYRILLIC CAPITAL LETTER JE
040B|Tshe-cy|Letter|Uppercase|afii10060|CYRILLIC CAPITAL LETTER TSHE
042E|Iu-cy|Letter|Uppercase|afii10048|CYRILLIC CAPITAL LETTER YU |acutecomb
042F|Ia-cy|Letter|Uppercase|afii10049|CYRILLIC CAPITAL LETTER YA |acutecomb
0402|Dje-cy|Letter|Uppercase|afii10051|CYRILLIC CAPITAL LETTER DJE
0430|a-cy|Letter|Lowercase|afii10065|CYRILLIC SMALL LETTER A |brevecomb-cy, dieresiscomb, acutecomb
0431|be-cy|Letter|Lowercase|afii10066" |CYRILLIC SMALL LETTER BE
0432|ve-cy|Letter|Lowercase|afii10067" |CYRILLIC SMALL LETTER VE
0433|ge-cy|Letter|Lowercase|afii10068" |CYRILLIC SMALL LETTER GHE
0453|gje-cy|Letter|Lowercase|afii10100" |CYRILLIC SMALL LETTER GJE
0491|gheupturn-cy|Letter|Lowercase|afii10098" |CYRILLIC SMALL LETTER GHE WITH UPTURN
0434|de-cy|Letter|Lowercase|afii10069" |CYRILLIC SMALL LETTER DE
0435|ie-cy|Letter|Lowercase|afii10070" |CYRILLIC SMALL LETTER IE
0450|iegrave-cy|Letter|Lowercase||CYRILLIC SMALL LETTER IE WITH GRAVE
0451|io-cy|Letter|Lowercase|afii10071" |CYRILLIC SMALL LETTER IO
0436|zhe-cy|Letter|Lowercase|afii10072" |CYRILLIC SMALL LETTER ZHE
0437|ze-cy|Letter|Lowercase|afii10073" |CYRILLIC SMALL LETTER ZE
0438|ii-cy|Letter|Lowercase|afii10074" |CYRILLIC SMALL LETTER I
0439|iishort-cy|Letter|Lowercase|afii10075" |CYRILLIC SMALL LETTER SHORT I
045D|iigrave-cy|Letter|Lowercase||CYRILLIC SMALL LETTER I WITH GRAVE
043A|ka-cy|Letter|Lowercase|afii10076" |CYRILLIC SMALL LETTER KA
045C|kje-cy|Letter|Lowercase|afii10109" |CYRILLIC SMALL LETTER KJE
043B|el-cy|Letter|Lowercase|afii10077" |CYRILLIC SMALL LETTER EL
043C|em-cy|Letter|Lowercase|afii10078" |CYRILLIC SMALL LETTER EM
043D|en-cy|Letter|Lowercase|afii10079" |CYRILLIC SMALL LETTER EN
043E|o-cy|Letter|Lowercase|afii10080" |CYRILLIC SMALL LETTER O
043F|pe-cy|Letter|Lowercase|afii10081" |CYRILLIC SMALL LETTER PE
0440|er-cy|Letter|Lowercase|afii10082" |CYRILLIC SMALL LETTER ER
0441|es-cy|Letter|Lowercase|afii10083" |CYRILLIC SMALL LETTER ES
0442|te-cy|Letter|Lowercase|afii10084" |CYRILLIC SMALL LETTER TE
0443|u-cy|Letter|Lowercase|afii10085" |CYRILLIC SMALL LETTER U
045E|ushort-cy|Letter|Lowercase|afii10110" |CYRILLIC SMALL LETTER SHORT U
0444|ef-cy|Letter|Lowercase|afii10086" |CYRILLIC SMALL LETTER EF
0445|ha-cy|Letter|Lowercase|afii10087" |CYRILLIC SMALL LETTER HA
0447|che-cy|Letter|Lowercase|afii10089" |CYRILLIC SMALL LETTER CHE
0446|tse-cy|Letter|Lowercase|afii10088" |CYRILLIC SMALL LETTER TSE
0448|sha-cy|Letter|Lowercase|afii10090" |CYRILLIC SMALL LETTER SHA
0449|shcha-cy|Letter|Lowercase|afii10091" |CYRILLIC SMALL LETTER SHCHA
045F|dzhe-cy|Letter|Lowercase|afii10193" |CYRILLIC SMALL LETTER DZHE
044C|softsign-cy|Letter|Lowercase|afii10094" |CYRILLIC SMALL LETTER SOFT SIGN
044A|hardsign-cy|Letter|Lowercase|afii10092" |CYRILLIC SMALL LETTER HARD SIGN
044B|yeru-cy|Letter|Lowercase|afii10093" |CYRILLIC SMALL LETTER YERU
0459|lje-cy|Letter|Lowercase|afii10106" |CYRILLIC SMALL LETTER LJE
045A|nje-cy|Letter|Lowercase|afii10107" |CYRILLIC SMALL LETTER NJE
0455|dze-cy|Letter|Lowercase|afii10102" |CYRILLIC SMALL LETTER DZE
0454|e-cy|Letter|Lowercase|afii10101" |CYRILLIC SMALL LETTER UKRAINIAN IE
044D|ereversed-cy|Letter|Lowercase|afii10095" |CYRILLIC SMALL LETTER E
0456|i-cy|Letter|Lowercase|afii10103" |CYRILLIC SMALL LETTER BYELORUSSIAN-UKRAINIAN I
0457|yi-cy|Letter|Lowercase|afii10104" |CYRILLIC SMALL LETTER YI
0458|je-cy|Letter|Lowercase|afii10105" |CYRILLIC SMALL LETTER JE
045B|tshe-cy|Letter|Lowercase|afii10108" |CYRILLIC SMALL LETTER TSHE
044E|iu-cy|Letter|Lowercase|afii10096" |CYRILLIC SMALL LETTER YU |acutecomb
044F|ia-cy|Letter|Lowercase|afii10097" |CYRILLIC SMALL LETTER YA |acutecomb
0452|dje-cy|Letter|Lowercase|afii10099" |CYRILLIC SMALL LETTER DJE
0462|Yat-cy|Letter|Uppercase|afii10146|CYRILLIC CAPITAL LETTER YAT
0463|yat-cy|Letter|Lowercase|afii10194" |CYRILLIC SMALL LETTER YAT
0472|Fita-cy|Letter|Uppercase|afii10147|CYRILLIC CAPITAL LETTER FITA
0473|fita-cy|Letter|Lowercase|afii10195" |CYRILLIC SMALL LETTER FITA
0474|Izhitsa-cy|Letter|Uppercase|afii10148|CYRILLIC CAPITAL LETTER IZHITSA
0475|izhitsa-cy|Letter|Lowercase|afii10196" |CYRILLIC SMALL LETTER IZHITSA
0492|Ghestroke-cy|Letter|Uppercase||CYRILLIC CAPITAL LETTER GHE WITH STROKE
0493|ghestroke-cy|Letter|Lowercase||CYRILLIC SMALL LETTER GHE WITH STROKE
0496|Zhedescender-cy|Letter|Uppercase||CYRILLIC CAPITAL LETTER ZHE WITH DESCENDER
0497|zhedescender-cy|Letter|Lowercase||CYRILLIC SMALL LETTER ZHE WITH DESCENDER
049A|Kadescender-cy|Letter|Uppercase||CYRILLIC CAPITAL LETTER KA WITH DESCENDER
049B|kadescender-cy|Letter|Lowercase||CYRILLIC SMALL LETTER KA WITH DESCENDER
04A2|Endescender-cy|Letter|Uppercase||CYRILLIC CAPITAL LETTER EN WITH DESCENDER
04A3|endescender-cy|Letter|Lowercase||CYRILLIC SMALL LETTER EN WITH DESCENDER
04AE|Ustrait-cy|Letter|Uppercase||CYRILLIC CAPITAL LETTER STRAIGHT U
04AF|ustrait-cy|Letter|Lowercase||CYRILLIC SMALL LETTER STRAIGHT U
04B0|Ustraitstroke-cy|Letter|Uppercase||CYRILLIC CAPITAL LETTER STRAIGHT U WITH STROKE
04B1|ustraitstroke-cy|Letter|Lowercase||CYRILLIC SMALL LETTER STRAIGHT U WITH STROKE
04B2|Hadescender-cy|Letter|Uppercase||CYRILLIC CAPITAL LETTER HA WITH DESCENDER
04B3|hadescender-cy|Letter|Lowercase||CYRILLIC SMALL LETTER HA WITH DESCENDER
04B6|Chedescender-cy|Letter|Uppercase||CYRILLIC CAPITAL LETTER CHE WITH DESCENDER
04B7|chedescender-cy|Letter|Lowercase||CYRILLIC SMALL LETTER CHE WITH DESCENDER
04C0|Palochka-cy|Letter|Uppercase||CYRILLIC LETTER PALOCHKA
04CF|palochka-cy|Letter|Lowercase||CYRILLIC SMALL LETTER PALOCHKA
04E2|Imacron-cy|Letter|Uppercase||CYRILLIC CAPITAL LETTER I WITH MACRON
04E3|imacron-cy|Letter|Lowercase||CYRILLIC SMALL LETTER I WITH MACRON
04E8|Obarred-cy|Letter|Uppercase||CYRILLIC CAPITAL LETTER BARRED O
04E9|obarred-cy|Letter|Lowercase||CYRILLIC SMALL LETTER BARRED O
04EE|Umacron-cy|Letter|Uppercase||CYRILLIC CAPITAL LETTER U WITH MACRON
04EF|umacron-cy|Letter|Lowercase||CYRILLIC SMALL LETTER U WITH MACRON